Model,Precision,Recall,mAP50,mAP50-95,Fitness,preprocess,inference,loss,postprocess
extra_large,0.09834635436287582,0.020641928941827297,0.2571523619427811,0.13595367455809265,0.02841237148393215,6.5582104218311805,177.62984984960312,0.002781550089518229,3.0303123669746594
large,0.126256572167597,0.026952551151887827,0.22588157019294744,0.19134031305134083,0.03688295325345874,6.439979259784405,116.76754706945175,0.0027326437143179085,1.2807907202304938
medium,0.08491885632287768,0.018177840093103564,0.33033932135728544,0.0950876185004309,0.024851941716080975,7.204214731852214,73.63463670779498,0.0047011253161308095,1.591963645739433
small,0.09622398307684589,0.020921723689299954,0.3260146373918829,0.10802834402775195,0.02845194962805455,6.646162424332056,34.57313317518968,0.00851582258175581,12.61447026179387
nano,0.11950347352381771,0.026442907171971657,0.35761809713905524,0.12298509348951506,0.03574896380715626,6.529667438604893,23.04329016269782,0.0073909759521484375,15.673001607259113
