Model,Precision,Recall,mAP50,mAP50-95,Fitness,Time Taken
extra_large_trained,0.3132948685418752,0.07503102901578793,0.33804844286105157,0.4743826560936728,0.09885741296839665,79.31640553474426
