Model,Precision,Recall,mAP50,mAP50-95,Fitness,Time Taken
extra_large_trained,0.9626532168888442,0.5950846102234177,0.9193836043675745,0.9268151324932915,0.6318414708899605,598.7360899448395
