Image,mAP50,mAP50-95
2024-08-25-16-21-00_jpg.rf.286256317ffd4ef308cff470a16818b4.jpg,0.08196959780700923,0.017736538490074217
