model,Precision,Recall,mAP50,mAP50-95,Fitness,preprocess,inference,loss,postprocess
extra_large,0.41795222926080033,0.1614239363431405,0.5211704805883984,0.42987605795913986,0.1870767656349065,0.16180978834836743,12.41946681912814,0.0004402851809192617,0.35306616342672303
large,0.48383597054504063,0.18244746213658686,0.5873140172278778,0.49175748744900216,0.21258631297743225,0.16762192194839343,7.757560901294786,0.00039108769634274885,0.3053708174318202
medium,0.4241087301653624,0.15988628505193966,0.5069172539806839,0.4622149394157528,0.18630852956328192,0.16148082055281263,4.854841468595415,0.00039514902715206697,0.3559634614443068
small,0.4530715245362793,0.17601398535136872,0.5286144349518689,0.4967037886363078,0.20371973926985978,0.1674827290652013,2.0791197580004495,0.00038093436931945353,0.4039855599634139
nano,0.43594203009623145,0.17336266009044216,0.4839138276882991,0.5086947529743232,0.1996205970910211,0.16579053866230975,1.0414450287680455,0.00037779606823952586,0.45875989786193117