model,Precision,Recall,mAP50,mAP50-95,Fitness,Time Taken
extra_large,0.41795222926080033,0.1614239363431405,0.5211704805883984,0.42987605795913986,0.1870767656349065,84.53093433380127
large,0.48383597054504063,0.18244746213658686,0.5873140172278778,0.49175748744900216,0.21258631297743225,74.0386860370636
medium,0.4241087301653624,0.15988628505193966,0.5069172539806839,0.4622149394157528,0.18630852956328192,74.70446133613586
small,0.4530715245362793,0.17601398535136872,0.5286144349518689,0.4967037886363078,0.20371973926985978,67.98775029182434
nano,0.43594203009623145,0.17336266009044216,0.4839138276882991,0.5086947529743232,0.1996205970910211,79.88194990158081