model,Precision,Recall,mAP50,mAP50-95,Fitness,preprocess,inference,loss,postprocess
extra_large,0.0824681019916956,0.01707511037661919,0.1540223303750358,0.17489404488437124,0.023614409538126834,0.24435428472665638,12.505165735880533,0.0004474933330829327,0.7173721606914814
large,0.11096286092362138,0.02316432779430303,0.1880904666475809,0.2182113355091689,0.03194418110723487,0.24762398157364282,7.812338608961839,0.00047072386130308494,0.8432412758851663
medium,0.08400103716171026,0.017979037101391815,0.1434174439828696,0.18390786046047933,0.02458123710742366,0.23609827726315227,4.909816155066857,0.0004114248813726963,1.0076357768132136
small,0.09595677316554402,0.020701393367008318,0.16566466265865062,0.19625554764648673,0.02822693134686189,0.2502805147415552,2.110316508855575,0.00040928522745768226,1.1777621049147384
nano,0.10250285138050083,0.023289830133463467,0.17663899227025479,0.20184110556758444,0.031211132258167205,0.2350305899595603,1.168189598963811,0.00038727735861753806,1.2080275095426118