model,Precision,Recall,mAP50,mAP50-95,Fitness,Time Taken
extra_large,0.0824681019916956,0.01707511037661919,0.1540223303750358,0.17489404488437124,0.023614409538126834,45.685373067855835
large,0.11096286092362138,0.02316432779430303,0.1880904666475809,0.2182113355091689,0.03194418110723487,40.79295992851257
medium,0.08400103716171026,0.017979037101391815,0.1434174439828696,0.18390786046047933,0.02458123710742366,38.29309153556824
small,0.09595677316554402,0.020701393367008318,0.16566466265865062,0.19625554764648673,0.02822693134686189,41.71390700340271
nano,0.10250285138050083,0.023289830133463467,0.17663899227025479,0.20184110556758444,0.031211132258167205,44.5076265335083