model,Precision,Recall,mAP50,mAP50-95,Fitness,preprocess,inference,loss,postprocess
extra_large,0.4628550470549922,0.23501118634520898,0.4863505102114063,0.5537543663553387,0.25779557241618734,0.13639519587096913,12.45125470902388,0.00046167457312868353,0.2640656560485126
large,0.45675433684207983,0.23765788438173235,0.4718870478517686,0.5605305507185581,0.2595675296277671,0.13829579727791105,7.762187330943898,0.000486223520392065,0.25990986286249373
medium,0.4294764825706638,0.21329658376742575,0.4227693869780429,0.5695810584461182,0.23491457364774954,0.13762279261921284,4.870259348511596,0.0004088918467611697,0.26004077398289016
small,0.3221698255450361,0.16202327275369602,0.30691869551247897,0.5170200061185977,0.17803792803283003,0.13793548047791548,2.044554765561071,0.00043047799004448787,0.29175913423523864
nano,0.24720514412724767,0.12424447944182253,0.245208782840462,0.4506322314804335,0.13654054591036505,0.13646911658539607,1.0247138160014013,0.00039641819302997893,0.3117615218548946